#,"Country,Other",TotalCases,NewCases,TotalDeaths,NewDeaths,TotalRecovered,NewRecovered,ActiveCases,"Serious,Critical",Tot Cases/1M pop,Deaths/1M pop,TotalTests,Tests/,1M pop,,Population,Continent,1 Caseevery X ppl1 Deathevery X ppl1 Testevery X ppl,New Cases/1M pop,New Deaths/1M pop,Active Cases/1M pop
1,USA,"82,133,342",,"1,013,044 ",,"80,015,081",,"1,105,217","1,592","245,579","3,029","992,445,691","2,967,412","334,448,237 ",North America,43300,,,"3,305"
2,India,"43,038,016",,"521,746 ",,"42,505,410",,"10,860",698,"30,652",372,"794,525,202","565,866","1,404,087,743 ",Asia,"332,6912",,,8
3,Brazil,"30,183,929",,"661,552 ",,"29,126,303",,"396,074","8,318","140,233","3,074","63,776,166","296,300","215,241,599 ",South America,73253,,,"1,840"
4,France,"27,163,629",,"143,625 ",,"24,344,051",,"2,675,953","1,541","414,523","2,192","260,504,402","3,975,351","65,529,910 ",Europe,24560,,,"40,836"
5,Germany,"22,936,514",,"132,599 ",,"19,179,300","+286,200","3,624,615","1,980","272,213","1,574","122,332,384","1,451,852","84,259,518 ",Europe,46351,,,"43,017"
6,UK,"21,679,280",,"170,395 ",,"19,891,817",,"1,617,068",378,"316,398","2,487","511,253,697","7,461,482","68,519,051 ",Europe,34020,,,"23,600"
7,Russia,"18,030,579","+11,754","372,512 ",+267,"17,299,263","+28,135","358,804","2,300","123,459","2,551","273,400,000","1,872,019","146,045,544 ",Europe,83921,80,2,"2,457"
8,S. Korea,"15,830,644","+195,370","20,034 ",+184,N/A,N/A,N/A,"1,014","308,304",390,"15,804,065","307,786","51,347,510 ",Asia,"32,5633","3,805",4,"289,032"
9,Italy,"15,404,809",,"161,032 ",,"14,015,032",,"1,228,745",463,"255,452","2,670","207,155,729","3,435,190","60,304,008 ",Europe,43740,,,"20,376"
10,Turkey,"14,972,502",,"98,462 ",,"14,673,980",,"200,060",975,"174,200","1,146","156,329,493","1,818,843","85,949,948 ",Asia,68731,,,"2,328"
11,Spain,"11,662,214",,"103,266 ",,"11,120,708",,"438,240",368,"249,262","2,207","471,036,328","10,067,692","46,786,925 ",Europe,44530,,,"9,367"
12,Vietnam,"10,272,964",,"42,858 ",,"8,757,107",,"1,472,999","1,237","103,879",433,"85,106,796","860,593","98,893,226 ",Asia,"102,3071",,,"14,895"
13,Argentina,"9,056,203",,"128,268 ",,"8,888,514",,"39,421",424,"197,166","2,793","35,657,472","776,311","45,931,949 ",South America,53581,,,858
14,Netherlands,"8,001,830",,"22,116 ",,"7,146,067",,"833,647",101,"465,164","1,286","21,107,399","1,227,019","17,202,175 ",Europe,27781,,,"48,462"
15,Iran,"7,199,861","+2,356","140,711 ",+33,"6,930,509","+3,467","128,641","1,376","83,816","1,638","50,079,995","582,996","85,901,102 ",Asia,126102,27,0.4,"1,498"
16,Japan,"7,124,030","+51,331","28,765 ",+44,"6,591,109","+44,733","504,156",468,"56,635",229,"44,996,843","357,716","125,789,190 ",Asia,"184,3733",408,0.3,"4,008"
17,Colombia,"6,088,619",,"139,729 ",,"5,921,750",,"27,140",342,"117,438","2,695","34,183,285","659,329","51,845,560 ",South America,93712,,,523
18,Indonesia,"6,036,909","+1,551","155,746 ",+29,"5,814,688","+3,022","66,475","2,771","21,664",559,"93,593,555","335,873","278,657,588 ",Asia,"461,7893",6,0.1,239
19,Poland,"5,981,486","+1,269","115,736 ",+40,"5,333,900",+84,"531,850",268,"158,353","3,064","35,895,344","950,290","37,773,030 ",Europe,63261,34,1,"14,080"
20,Mexico,"5,723,862",+648,"323,805 ",+78,"5,024,561","+1,147","375,496","4,798","43,581","2,465","15,683,615","119,415","131,337,245 ",North America,234068,5,0.6,"2,859"
21,Australia,"5,206,999","+53,380","6,648 ",+39,"4,692,067",,"508,284",126,"200,077",255,"67,955,995","2,611,177","26,025,040 ",Australia/Oceania,"53,9150","2,051",1,"19,531"
22,Ukraine,"4,987,285",,"108,167 ",,N/A,N/A,N/A,177,"115,267","2,500","19,521,252","451,177","43,267,404 ",Europe,94002,,,"18,977"
23,Malaysia,"4,342,559",,"35,341 ",,"4,180,763",,"126,455",151,"131,187","1,068","57,608,005","1,740,316","33,102,028 ",Asia,89371,,,"3,820"
24,Austria,"4,016,540","+12,471","16,324 ",+38,"3,839,507","+20,269","160,709",190,"441,493","1,794","179,853,312","19,769,268","9,097,621 ",Europe,25570,"1,371",4,"17,665"
25,Israel,"4,011,666",,"10,601 ",,"3,941,841",,"59,224",229,"430,159","1,137","41,373,364","4,436,346","9,326,000 ",Asia,28800,,,"6,350"
26,Thailand,"3,948,869","+23,015","26,398 ",+106,"3,689,792","+27,626","232,679","1,496","56,323",377,"17,270,775","246,335","70,110,896 ",Asia,"182,6564",328,2,"3,319"
27,Belgium,"3,943,831",,"31,079 ",,"3,617,043",,"295,709",173,"337,681","2,661","33,220,032","2,844,385","11,679,161 ",Europe,33760,,,"25,319"
28,Czechia,"3,872,522","+4,034","39,933 ",+3,"3,792,591","+2,219","39,998",69,"360,427","3,717","54,962,034","5,115,484","10,744,249 ",Europe,32690,375,0.3,"3,723"
29,South Africa,"3,733,919",,"100,116 ",,"3,622,097",,"11,706",175,"61,579","1,651","24,094,335","397,361","60,635,919 ",Africa,166063,,,193
30,Portugal,"3,697,653",,"21,958 ",,N/A,N/A,N/A,61,"364,519","2,165","40,534,335","3,995,919","10,143,934 ",Europe,34620,,,"78,817"
31,Philippines,"3,682,083",+233,"59,891 ",+113,"3,597,058","+1,241","25,134",289,"32,826",534,"29,224,500","260,538","112,169,737 ",Asia,"301,8734",2,1,224
32,Canada,"3,590,601",,"38,095 ",,"3,356,639",,"195,867",407,"93,677",994,"60,047,384","1,566,608","38,329,563 ",North America,"111,0061",,,"5,110"
33,Peru,"3,552,467",,"212,528 ",,N/A,N/A,N/A,378,"105,143","6,290","29,255,017","865,865","33,787,042 ",South America,101591,,,"47,926"
34,Switzerland,"3,551,790",,"13,767 ",,"3,105,701",,"432,322",103,"405,133","1,570","20,548,491","2,343,852","8,766,974 ",Europe,26370,,,"49,313"
35,Chile,"3,515,878",,"57,094 ",,"3,244,653",,"214,131",414,"181,161","2,942","36,191,093","1,864,801","19,407,481 ",South America,63401,,,"11,033"
36,Greece,"3,195,887",,"28,274 ",,"3,002,224",,"165,389",356,"309,299","2,736","76,926,444","7,444,962","10,332,685 ",Europe,33650,,,"16,006"
37,Denmark,"2,940,998",,"5,932 ",,"2,898,120",,"36,946",22,"504,597","1,018","127,005,063","21,790,684","5,828,411 ",Europe,29830,,,"6,339"
38,Romania,"2,877,544","+1,602","65,285 ",+27,"2,606,660",,"205,599",253,"151,371","3,434","22,396,439","1,178,145","19,009,910 ",Europe,72911,84,1,"10,815"
39,Sweden,"2,491,980",,"18,472 ",,"2,450,948",+405,"22,560",22,"244,047","1,809","18,445,431","1,806,418","10,211,053 ",Europe,45531,,,"2,209"
40,Iraq,"2,322,303",,"25,186 ",,"2,289,838",,"7,279",35,"55,526",602,"18,403,689","440,028","41,823,873 ",Asia,"181,6612",,,174
41,Serbia,"1,991,620",,"15,899 ",,"1,948,245",,"27,476",23,"229,584","1,833","9,326,796","1,075,147","8,674,900 ",Europe,45461,,,"3,167"
42,Bangladesh,"1,952,162",+31,"29,124 ",,"1,889,879",+274,"33,159","1,283","11,648",174,"13,905,661","82,968","167,601,817 ",Asia,"865,75512",0.2,,198
43,Hungary,"1,876,946","+2,740","45,838 ",+26,"1,742,051","+6,122","89,057",47,"195,173","4,766","11,233,362","1,168,097","9,616,809 ",Europe,52101,285,3,"9,261"
44,Slovakia,"1,757,117","+2,538","19,643 ",+25,"1,683,932","+6,767","53,542",130,"321,561","3,595","6,995,626","1,280,233","5,464,336 ",Europe,32781,464,5,"9,798"
45,Jordan,"1,694,216",,"14,048 ",,"1,678,941",,"1,227",124,"163,173","1,353","16,670,254","1,605,544","10,382,931 ",Asia,67391,,,118
46,Georgia,"1,652,235",+266,"16,781 ",+2,"1,632,194",+348,"3,260",,"415,596","4,221","16,627,678","4,182,459","3,975,575 ",Asia,22370,67,0.5,820
47,Pakistan,"1,526,829",+101,"30,362 ",,"1,487,073",+113,"9,394",262,"6,682",133,"27,805,841","121,687","228,503,165 ",Asia,"1507,5268",0.4,,41
48,Ireland,"1,494,814",,"6,903 ",,"1,344,730",,"143,181",53,"296,844","1,371","11,942,846","2,371,641","5,035,689 ",Europe,37290,,,"28,433"
49,Norway,"1,417,631",,"2,667 ",,N/A,N/A,N/A,20,"257,916",485,"11,002,430","2,001,719","5,496,490 ",Europe,"42,0610",,,"241,247"
50,Kazakhstan,"1,305,327",+12,"13,660 ",,"1,290,720",+41,947,24,"68,073",712,"11,575,012","603,640","19,175,355 ",Asia,"151,4042",0.6,,49
51,Hong Kong,"1,193,023",,"8,886 ",,N/A,N/A,N/A,115,"156,875","1,168","44,972,952","5,913,643","7,604,949 ",Asia,68560,,,"153,966"
52,Morocco,"1,164,135",,"16,061 ",,"1,147,355",,719,293,"30,889",426,"11,237,010","298,166","37,687,097 ",Africa,"322,3463",,,19
53,Bulgaria,"1,147,165",,"36,740 ",,"943,649",,"166,776",126,"167,332","5,359","9,715,339","1,417,138","6,855,607 ",Europe,61871,,,"24,327"
54,Singapore,"1,145,121",,"1,307 ",,"1,076,802",,"67,012",19,"193,041",220,"23,611,604","3,980,367","5,932,017 ",Asia,"54,5390",,,"11,297"
55,Croatia,"1,110,989","+1,142","15,707 ",+5,"1,089,283",+467,"5,999",27,"273,620","3,868","4,731,537","1,165,308","4,060,332 ",Europe,42591,281,1,"1,477"
56,Cuba,"1,097,675",,"8,519 ",,"1,086,730",,"2,426",23,"97,016",753,"12,920,253","1,141,936","11,314,344 ",North America,"101,3281",,,214
57,Lebanon,"1,094,911",,"10,350 ",,"1,074,251",,"10,310",186,"161,701","1,529","4,795,578","708,233","6,771,191 ",Asia,66541,,,"1,523"
58,Lithuania,"1,045,085","+1,516","8,988 ",+6,"997,978","+2,735","38,119",47,"393,646","3,385","8,157,182","3,072,519","2,654,884 ",Europe,32950,571,2,"14,358"
59,Tunisia,"1,038,668",,"28,509 ",,N/A,N/A,N/A,29,"86,282","2,368","4,547,755","377,779","12,038,131 ",Africa,124223,,,"-1,134.31"
60,Slovenia,"990,719",,"6,541 ",,"956,300",,"27,878",32,"476,434","3,146","2,629,203","1,264,377","2,079,445 ",Europe,23181,,,"13,406"
61,Nepal,"978,616",,"11,951 ",,"966,111",,554,,"32,548",397,"5,583,138","185,691","30,066,771 ",Asia,"312,5165",,,18
62,Belarus,"971,649",+899,"6,885 ",+3,"928,536",,"36,228",,"102,887",729,"12,987,175","1,375,206","9,443,805 ",Europe,"101,3721",95,0.3,"3,836"
63,Finland,"920,692",,"3,334 ",,"46,000",,"871,358",33,"165,711",600,"10,512,930","1,892,176","5,555,999 ",Europe,"61,6661",,,"156,832"
64,Bolivia,"903,584",+107,"21,899 ",,"850,086",+655,"31,599",220,"75,578","1,832","2,688,875","224,905","11,955,630 ",South America,135464,9,,"2,643"
65,Uruguay,"894,630",,"7,186 ",,"884,306",,"3,138",29,"255,967","2,056","6,077,462","1,738,852","3,495,101 ",South America,44861,,,898
66,UAE,"894,523",+237,"2,302 ",,"875,602",+486,"16,619",,"88,545",228,"151,396,113","14,985,997","10,102,505 ",Asia,"114,3890",23,,"1,645"
67,Ecuador,"865,263",,"35,508 ",,N/A,N/A,N/A,759,"47,756","1,960","2,470,170","136,334","18,118,525 ",South America,215107,,,"21,297"
68,Costa Rica,"844,892",,"8,357 ",,"825,599",,"10,936",44,"163,211","1,614","4,163,300","804,240","5,176,690 ",North America,66191,,,"2,113"
69,Guatemala,"836,234",,"17,400 ",,"814,383",,"4,451",5,"45,193",940,"4,335,116","234,284","18,503,654 ",North America,"221,0634",,,241
70,Latvia,"811,056","+1,139","5,695 ",+8,"791,297","+2,431","14,064",14,"438,601","3,080","7,114,713","3,847,477","1,849,189 ",Europe,23250,616,4,"7,605"
71,New Zealand,"795,606","+9,548",497 ,+14,"729,800","+12,625","65,309",,"159,054",99,"6,959,067","1,391,229","5,002,100 ",Australia/Oceania,"610,0651","1,909",3,"13,056"
72,Azerbaijan,"792,289",,"9,703 ",,"782,375",,211,,"76,911",942,"6,750,860","655,334","10,301,401 ",Asia,"131,0622",,,20
73,Panama,"767,438",,"8,178 ",,"757,024",,"2,236",9,"173,029","1,844","5,767,195","1,300,291","4,435,310 ",North America,65421,,,504
74,Saudi Arabia,"752,078",,"9,060 ",,"737,748",,"5,270",73,"21,022",253,"41,693,268","1,165,395","35,776,087 ",Asia,"483,9491",,,147
75,Sri Lanka,"662,717",,"16,492 ",,"642,516",,"3,709",,"30,720",764,"6,477,329","300,257","21,572,631 ",Asia,"331,3083",,,172
76,Paraguay,"648,446",,"18,734 ",,"624,673",,"5,039",3,"88,974","2,571","2,615,453","358,869","7,288,046 ",South America,113893,,,691
77,Kuwait,"630,641",,"2,555 ",,"626,843",,"1,243",4,"143,895",583,"7,948,416","1,813,605","4,382,662 ",Asia,"71,7151",,,284
78,Myanmar,"612,406",,"19,434 ",,"591,029",,"1,943",,"11,123",353,"7,798,434","141,642","55,057,295 ",Asia,"902,8337",,,35
79,Palestine,"581,678",,"5,352 ",,"575,613",,713,17,"109,507","1,008","3,078,533","579,564","5,311,807 ",Asia,99922,,,134
80,Dominican Republic,"578,626",,"4,375 ",,"574,132",,119,16,"52,407",396,"3,251,191","294,465","11,041,006 ",North America,"192,5243",,,11
81,Estonia,"565,839",+627,"2,501 ",+3,"498,248","+1,498","65,090",6,"426,045","1,883","3,284,566","2,473,096","1,328,119 ",Europe,25310,472,2,"49,009"
82,Bahrain,"561,065",,"1,473 ",,"555,146",,"4,446",5,"310,588",815,"9,657,213","5,345,938","1,806,458 ",Asia,"31,2260",,,"2,461"
83,Venezuela,"521,618",,"5,697 ",,"514,288",,"1,633",230,"18,436",201,"3,359,014","118,723","28,292,923 ",South America,"544,9668",,,58
84,Moldova,"515,649",,"11,471 ",,"502,191",,"1,987",41,"128,356","2,855","3,188,832","793,771","4,017,321 ",Europe,83501,,,495
85,Egypt,"511,977",,"24,522 ",,"442,182",,"45,273",122,"4,841",232,"3,693,367","34,922","105,759,377 ",Africa,"2074,31329",,,428
86,Libya,"501,834",,"6,429 ",,"490,837",,"4,568",101,"71,312",914,"2,475,203","351,735","7,037,130 ",Africa,"141,0953",,,649
87,Ethiopia,"470,108",,"7,509 ",,"453,586",,"9,013",17,"3,917",63,"4,713,675","39,276","120,015,383 ",Africa,"25515,98325",,,75
88,Mongolia,"469,236",+45,"2,177 ",,"313,256",,"153,803",192,"139,157",646,"4,030,048","1,195,157","3,371,981 ",Asia,"71,5491",13,,"45,612"
89,Cyprus,"461,531",,987 ,,"124,370",,"336,174",60,"377,388",807,"9,477,138","7,749,338","1,222,961 ",Asia,"31,2390",,,"274,885"
90,Armenia,"422,711",+20,"8,621 ",,"410,387",+22,"3,703",,"142,180","2,900","3,005,711","1,010,977","2,973,075 ",Asia,73451,7,,"1,246"
91,Honduras,"421,268",,"10,888 ",,"131,100",,"279,280",105,"41,365","1,069","1,263,329","124,048","10,184,175 ",North America,249358,,,"27,423"
92,Oman,"388,763",+22,"4,257 ",+1,"383,809",+33,697,5,"72,843",798,"25,000,000","4,684,263","5,337,019 ",Asia,"141,2540",4,0.2,131
93,Bosnia and Herzegovina,"376,264",,"15,742 ",,"192,218",,"168,304",,"115,966","4,852","1,746,113","538,160","3,244,598 ",Europe,92062,,,"51,872"
94,Qatar,"363,031",,677 ,,"361,138",,"1,216",1,"129,294",241,"3,418,486","1,217,494","2,807,805 ",Asia,"84,1471",,,433
95,Réunion,"360,445",,731 ,,"342,442",,"17,272",10,"397,555",806,"1,603,660","1,768,767","906,654 ",Africa,"31,2401",,,"19,050"
96,Kenya,"323,583",,"5,649 ",,"317,801",,133,,"5,791",101,"3,554,588","63,619","55,872,756 ",Africa,"1739,89116",,,2
97,Zambia,"317,804",,"3,967 ",,"313,073",,764,,"16,469",206,"3,382,643","175,292","19,297,192 ",Africa,"614,8646",,,40
98,North Macedonia,"307,967",,"9,256 ",,"297,600",,"1,111",,"147,832","4,443","1,984,493","952,608","2,083,222 ",Europe,72251,,,533
99,Botswana,"305,859",,"2,688 ",,"303,026",,145,1,"125,564","1,104","2,026,898","832,102","2,435,878 ",Africa,89061,,,60
100,Albania,"274,236",,"3,494 ",,"270,378",,364,2,"95,479","1,216","1,787,376","622,298","2,872,219 ",Europe,108222,,,127
101,Algeria,"265,730",,"6,874 ",,"178,327",,"80,529",6,"5,872",152,"230,861","5,101","45,256,195 ",Africa,"1706,584196",,,"1,779"
102,Nigeria,"255,633",,"3,142 ",,"249,825",,"2,666",11,"1,188",15,"4,977,858","23,131","215,203,368 ",Africa,"84268,49243",,,12
103,Zimbabwe,"247,094",,"5,460 ",,"240,584",,"1,050",12,"16,206",358,"2,219,566","145,575","15,246,924 ",Africa,"622,7927",,,69
104,Uzbekistan,"238,145",+47,"1,637 ",,"236,057",+28,451,23,"6,937",48,"1,377,915","40,137","34,330,089 ",Asia,"14420,97125",1,,13
105,Montenegro,"233,834",,"2,708 ",,"230,676",,450,6,"372,224","4,311","2,434,120","3,874,710","628,207 ",Europe,32320,,,716
106,Luxembourg,"226,339",,"1,051 ",,"210,026",,"15,262",3,"351,430","1,632","4,191,996","6,508,795","644,051 ",Europe,36130,,,"23,697"
107,Mozambique,"225,301",,"2,200 ",,"223,058",,43,13,"6,867",67,"1,303,571","39,733","32,808,668 ",Africa,"14614,91325",,,1
108,Kyrgyzstan,"200,970",,"2,991 ",,"196,303",,"1,676",131,"29,928",445,"1,907,195","284,011","6,715,218 ",Asia,"332,2454",,,250
109,Laos,"198,318",+929,707 ,+5,"7,660",,"189,951",,"26,574",95,"1,230,778","164,919","7,462,935 ",Asia,"3810,5566",124,0.7,"25,453"
110,Iceland,"183,974",,110 ,,"75,685",,"108,179",1,"532,989",319,"1,953,616","5,659,801","345,174 ",Europe,"23,1380",,,"313,404"
111,Maldives,"178,313",,298 ,,"163,687",,"14,328",25,"319,879",535,"2,213,831","3,971,432","557,439 ",Asia,"31,8710",,,"25,703"
112,Afghanistan,"178,295",+38,"7,676 ",,"161,417",+54,"9,202","1,124","4,404",190,"932,483","23,033","40,483,797 ",Asia,"2275,27443",0.9,,227
113,Uganda,"164,012",,"3,596 ",,"100,200",,"60,216",,"3,395",74,"2,592,957","53,681","48,302,914 ",Africa,"29513,43219",,,"1,247"
114,El Salvador,"162,089",,"4,124 ",,"150,662",,"7,303",8,"24,768",630,"1,950,448","298,038","6,544,303 ",North America,"401,5873",,,"1,116"
115,Ghana,"161,071",,"1,445 ",,"159,592",,34,1,"4,999",45,"2,428,236","75,355","32,223,793 ",Africa,"20022,30013",,,1
116,Namibia,"157,896",,"4,021 ",,"153,069",,806,,"60,207","1,533","991,139","377,928","2,622,562 ",Africa,176523,,,307
117,Martinique,"147,519",,918 ,,104,,"146,497",8,"393,649","2,450","828,928","2,211,961","374,748 ",North America,34080,,,"390,921"
118,Trinidad and Tobago,"140,781",,"3,787 ",,"130,528",,"6,466",18,"100,020","2,691","682,714","485,043","1,407,533 ",North America,103722,,,"4,594"
119,Guadeloupe,"140,130",,854 ,,"2,250",,"137,026",19,"350,111","2,134","938,039","2,343,662","400,245 ",North America,34690,,,"342,355"
120,Brunei ,"139,278",+217,216 ,,"136,663",+350,"2,399",1,"313,044",485,"717,784","1,613,306","444,915 ",Asia,"32,0601",488,,"5,392"
121,Cambodia,"135,998",+18,"3,055 ",,"132,689",+23,254,,"7,939",178,"2,939,061","171,578","17,129,632 ",Asia,"1265,6076",1,,15
122,Rwanda,"129,751",,"1,458 ",,"45,522",,"82,771",1,"9,596",108,"5,173,899","382,634","13,521,800 ",Africa,"1049,2743",,,"6,121"
123,Jamaica,"129,093",,"2,917 ",,"82,094",,"44,082",,"43,260",978,"955,357","320,148","2,984,111 ",North America,"231,0233",,,"14,772"
124,Cameroon,"119,780",,"1,927 ",,"117,791",,62,13,"4,321",70,"1,751,774","63,200","27,718,103 ",Africa,"23114,38416",,,2
125,Angola,"99,194",,"1,900 ",,"97,149",,145,,"2,860",55,"1,499,795","43,247","34,679,470 ",Africa,"35018,25223",,,4
126,Malta,"87,441",+408,669 ,+2,"77,693",+702,"9,079",4,"197,103","1,508","1,847,584","4,164,696","443,630 ",Europe,56630,920,5,"20,465"
127,DRC,"86,748",,"1,337 ",,"50,930",,"34,481",,919,14,"846,704","8,970","94,390,601 ",Africa,"1,08870,599111",,,365
128,Senegal,"85,954",+2,"1,965 ",,"83,970",+3,19,,"4,904",112,"1,057,173","60,318","17,526,638 ",Africa,"2048,91917",0.1,,1
129,Malawi,"85,707",,"2,628 ",,"81,660",,"1,419",67,"4,284",131,"567,114","28,346","20,006,849 ",Africa,"2337,61335",,,71
130,Ivory Coast,"81,834",,797 ,,"81,001",,36,,"2,972",29,"1,484,042","53,893","27,537,064 ",Africa,"33634,55119",,,1
131,French Guiana,"79,529",,394 ,,"11,254",,"67,881",4,"254,562","1,261","613,484","1,963,683","312,415 ",South America,47931,,,"217,278"
132,Suriname,"79,276",+35,"1,325 ",,"49,395",+3,"28,556",,"133,022","2,223","235,707","395,507","595,962 ",South America,84503,59,,"47,916"
133,French Polynesia,"72,570",,648 ,,N/A,N/A,N/A,7,"255,716","2,283",,,"283,791 ",Australia/Oceania,4438,,,"135,388"
134,Channel Islands,"71,989",,164 ,,"69,939",,"1,886",,"407,390",928,"1,251,599","7,082,866","176,708 ",Europe,"21,0770",,,"10,673"
135,Eswatini,"70,014",,"1,395 ",,"68,554",,65,11,"59,259","1,181","1,008,047","853,203","1,181,486 ",Africa,178471,,,55
136,Fiji,"64,499",,834 ,,"62,644",,"1,021",,"71,036",919,"505,948","557,226","907,976 ",Australia/Oceania,"141,0892",,,"1,124"
137,Madagascar,"64,089",,"1,390 ",,"59,355",,"3,344",14,"2,213",48,"415,532","14,352","28,953,847 ",Africa,"45220,83070",,,115
138,Guyana,"63,340",,"1,226 ",,"62,005",,109,2,"79,845","1,545","579,608","730,638","793,290 ",South America,136471,,,137
139,Barbados,"62,968",,379 ,,"59,521",,"3,068",,"218,639","1,316","626,701","2,176,045","288,000 ",North America,57600,,,"10,653"
140,Sudan,"62,034",,"4,925 ",,N/A,N/A,N/A,,"1,358",108,"562,941","12,327","45,665,628 ",Africa,"7369,27281",,,367
141,New Caledonia,"60,385",,312 ,,"60,011",,62,9,"207,959","1,074","98,964","340,820","290,370 ",Australia/Oceania,59313,,,214
142,Mauritania,"58,679",,982 ,,"57,685",,12,,"12,058",202,"791,559","162,656","4,866,458 ",Africa,"834,9566",,,2
143,Belize,"57,318",,672 ,,"56,466",,180,6,"139,651","1,637","529,147","1,289,228","410,437 ",North America,76111,,,439
144,Cabo Verde,"55,974",,401 ,,"55,512",,61,23,"98,771",708,"400,982","707,566","566,706 ",Africa,"101,4131",,,108
145,Syria,"55,750",,"3,147 ",,"51,879",,724,,"3,054",172,"146,269","8,013","18,254,865 ",Asia,"3275,801125",,,40
146,Gabon,"47,588",,303 ,,"47,270",,15,,"20,522",131,"1,589,113","685,285","2,318,907 ",Africa,"497,6531",,,6
147,Bhutan,"47,187","+2,131",14 ,,"37,034","+1,611","10,139",7,"59,982",18,"2,203,246","2,800,657","786,689 ",Asia,"1756,1920","2,709",,"12,888"
148,Papua New Guinea,"43,615",,649 ,,"42,906",,60,7,"4,716",70,"249,149","26,942","9,247,764 ",Australia/Oceania,"21214,24937",,,6
149,Curaçao,"41,153",,270 ,,"40,306",,577,3,"248,984","1,634","494,095","2,989,370","165,284 ",North America,46120,,,"3,491"
150,Seychelles,"40,866",,164 ,,"39,963",,739,,"411,011","1,649",,,"99,428 ",Africa,2606,,,"7,433"
151,Andorra,"40,328",,153 ,,"39,702",,473,14,"520,469","1,975","249,838","3,224,382","77,484 ",Europe,25060,,,"6,104"
152,Burundi,"38,698",,38 ,,773,,"37,887",,"3,091",3,"345,742","27,618","12,518,901 ",Africa,"324329,44536",,,"3,026"
153,Mauritius,"37,176",,985 ,,"35,002",,"1,189",,"29,146",772,"358,675","281,200","1,275,514 ",Africa,"341,2954",,,932
154,Mayotte,"36,958",,187 ,,"2,964",,"33,807",,"129,908",657,"176,919","621,875","284,493 ",Africa,"81,5212",,,"118,832"
155,Togo,"36,957",,272 ,,"36,659",,26,,"4,286",32,"723,005","83,847","8,622,956 ",Africa,"23331,70212",,,3
156,Guinea,"36,459",,440 ,,"35,976",,43,8,"2,649",32,"660,107","47,957","13,764,673 ",Africa,"37831,28321",,,3
157,Faeroe Islands,"34,658",,28 ,,"7,693",,"26,937",5,"704,545",569,"778,000","15,815,580","49,192 ",Europe,"11,7570",,,"547,589"
158,Aruba,"34,189",,212 ,,"33,893",,84,2,"317,827","1,971","177,885","1,653,652","107,571 ",North America,35071,,,781
159,Tanzania,"33,851",,803 ,,N/A,N/A,N/A,7,539,13,,,"62,752,103 ",Africa,"1,85478,147",,,524
160,Bahamas,"33,366",,789 ,,"32,244",,333,11,"83,433","1,973","229,025","572,686","399,914 ",North America,125072,,,833
161,Lesotho,"32,910",,697 ,,"24,155",,"8,058",,"15,149",321,"431,221","198,500","2,172,395 ",Africa,"663,1175",,,"3,709"
162,Mali,"30,589",,729 ,,"29,673",,187,,"1,437",34,"656,480","30,842","21,285,407 ",Africa,"69629,19832",,,9
163,Haiti,"30,586",,835 ,,"29,100",,651,,"2,626",72,"132,422","11,367","11,649,250 ",North America,"38113,95188",,,56
164,Taiwan,"29,593",+933,854 ,,"21,473",+139,"7,266",,"1,239",36,"13,482,923","564,297","23,893,298 ",Asia,"80727,9782",39,,304
165,Isle of Man,"28,416",,87 ,,"26,794",,"1,535",,"331,065","1,014","150,753","1,756,373","85,832 ",Europe,39871,,,"17,884"
166,Benin,"26,952",,163 ,,"25,506",,"1,283",5,"2,124",13,"604,310","47,634","12,686,484 ",Africa,"47177,83121",,,101
167,Somalia,"26,471",,"1,350 ",,"13,182",,"11,939",,"1,587",81,"400,466","24,009","16,679,727 ",Africa,"63012,35542",,,716
168,Congo,"24,079",,385 ,,"20,178",,"3,516",,"4,181",67,"347,815","60,395","5,759,039 ",Africa,"23914,95917",,,611
169,Saint Lucia,"23,045",,365 ,,"22,616",,64,1,"124,489","1,972","141,332","763,474","185,117 ",North America,85071,,,346
170,Timor-Leste,"22,844",,130 ,,"22,703",,11,,"16,760",95,"259,277","190,225","1,363,005 ",Asia,"6010,4855",,,8
171,Cayman Islands,"21,121",,25 ,,"8,553",,"12,543",1,"314,807",373,"222,773","3,320,411","67,092 ",North America,"32,6840",,,"186,952"
172,Burkina Faso,"20,853",,382 ,,"20,439",,32,,951,17,"248,995","11,359","21,919,995 ",Africa,"1,05157,38288",,,1
173,Nicaragua,"18,491",,225 ,,"4,225",,"14,041",,"2,734",33,,,"6,764,449 ",North America,"36630,064",,,"2,076"
174,Tajikistan,"17,388",,124 ,,"17,264",,0,,"1,753",13,,,"9,917,718 ",Asia,"57079,982",,,
175,South Sudan,"17,356",,138 ,,"13,514",,"3,704",1,"1,519",12,"367,971","32,203","11,426,665 ",Africa,"65882,80231",,,324
176,Gibraltar,"17,236",,101 ,,"16,579",,556,,"511,864","2,999","534,283","15,866,807","33,673 ",Europe,23330,,,"16,512"
177,Liechtenstein,"16,865",+31,84 ,,"16,432",+36,349,1,"440,087","2,192","102,174","2,666,197","38,322 ",Europe,24560,809,,"9,107"
178,Equatorial Guinea,"15,904",,183 ,,"15,696",,25,5,"10,712",123,"303,365","204,324","1,484,727 ",Africa,"938,1135",,,17
179,San Marino,"15,683",,114 ,,"15,225",,344,4,"460,479","3,347","147,532","4,331,787","34,058 ",Europe,22990,,,"10,100"
180,Djibouti,"15,595",,189 ,,"15,404",,2,,"15,387",186,"301,133","297,122","1,013,500 ",Africa,"655,3623",,,2
181,CAR,"14,649",,113 ,,"6,859",,"7,677",2,"2,942",23,"81,294","16,328","4,978,786 ",Africa,"34044,06061",,,"1,542"
182,Grenada,"14,064",,219 ,,"13,793",,52,4,"123,968","1,930","145,445","1,282,030","113,449 ",North America,85181,,,458
183,Bermuda,"12,711",,129 ,,"12,362",,220,,"205,447","2,085","848,492","13,714,110","61,870 ",North America,54800,,,"3,556"
184,Solomon Islands,"12,285",,139 ,,"11,057",,"1,089",2,"17,139",194,"5,117","7,139","716,766 ",Australia/Oceania,"585,157140",,,"1,519"
185,Gambia,"11,990",,365 ,,"11,591",,34,,"4,726",144,"155,686","61,364","2,537,094 ",Africa,"2126,95116",,,13
186,Dominica,"11,981",,63 ,,"11,887",,31,,"165,705",871,"187,088","2,587,555","72,303 ",North America,"61,1480",,,429
187,Greenland,"11,971",,21 ,,"2,761",,"9,189",4,"210,220",369,"164,926","2,896,233","56,945 ",North America,"52,7120",,,"161,366"
188,Yemen,"11,814",,"2,147 ",,"9,000",,667,23,381,69,"265,253","8,559","30,991,448 ",Asia,"2,62314,435117",,,22
189,Monaco,"11,261",,54 ,,"10,990",,217,4,"283,395","1,359","54,960","1,383,129","39,736 ",Europe,47361,,,"5,461"
190,Saint Martin,"10,176",,63 ,,"1,399",,"8,714",7,"255,447","1,581","112,382","2,821,117","39,836 ",North America,46320,,,"218,747"
191,Sint Maarten,"9,888",,86 ,,"9,734",,68,10,"226,063","1,966","62,056","1,418,747","43,740 ",North America,45091,,,"1,555"
192,Eritrea,"9,732",,103 ,,"9,625",,4,,"2,678",28,"23,693","6,521","3,633,536 ",Africa,"37335,277153",,,1
193,Caribbean Netherlands,"9,341",,34 ,,"8,987",,320,,"350,428","1,276","30,126","1,130,177","26,656 ",North America,37841,,,"12,005"
194,Niger,"8,846",,308 ,,"8,488",,50,1,343,12,"244,837","9,504","25,760,392 ",Africa,"2,91283,638105",,,2
195,Tonga,"8,761",+202,11 ,,"6,900",+128,"1,850",,"81,255",102,"319,471","2,962,976","107,821 ",Australia/Oceania,"129,8020","1,873",,"17,158"
196,Guinea-Bissau,"8,175",,170 ,,"7,280",,725,6,"3,987",83,"131,390","64,076","2,050,521 ",Africa,"25112,06216",,,354
197,Comoros,"8,100",,160 ,,"7,933",,7,,"8,975",177,,,"902,468 ",Africa,"1115,640",,,8
198,Sierra Leone,"7,677",,125 ,,N/A,N/A,N/A,,929,15,"259,958","31,454","8,264,818 ",Africa,"1,07766,11932",,,331
199,Antigua and Barbuda,"7,523",,135 ,,"7,367",,21,1,"75,708","1,359","18,901","190,212","99,368 ",North America,137365,,,211
200,Liberia,"7,402",,294 ,,"5,747",,"1,361",2,"1,405",56,"139,824","26,539","5,268,578 ",Africa,"71217,92038",,,258
201,Chad,"7,378",,192 ,,"4,874",,"2,312",,427,11,"191,341","11,085","17,261,883 ",Africa,"2,34089,90690",,,134
202,St. Vincent Grenadines,"6,748",,106 ,,"6,639",,3,,"60,485",950,"98,692","884,614","111,565 ",North America,"171,0531",,,27
203,British Virgin Islands,"6,162",,62 ,,N/A,N/A,N/A,1,"201,452","2,027","102,294","3,344,253","30,588 ",North America,54930,,,621
204,Sao Tome and Principe,"5,948",,73 ,,"5,872",,3,,"26,274",322,"29,036","128,262","226,381 ",Africa,"383,1018",,,13
205,Turks and Caicos,"5,923",,36 ,,"5,859",,28,4,"149,393",908,"447,713","11,292,481","39,647 ",North America,"71,1010",,,706
206,Saint Kitts and Nevis,"5,554",,43 ,,"5,507",,4,,"103,106",798,"65,141","1,209,293","53,867 ",North America,"101,2531",,,74
207,Vanuatu,"5,536",,6 ,,"4,264",,"1,266",4,"17,307",19,"24,976","78,080","319,878 ",Australia/Oceania,"5853,31313",,,"3,958"
208,St. Barth,"4,313",,6 ,,N/A,N/A,N/A,,"434,340",604,"78,646","7,920,040","9,930 ",North America,"21,6550",,,"387,210"
209,Palau,"4,122",,6 ,,"3,803",,313,,"225,900",329,"42,138","2,309,311","18,247 ",Australia/Oceania,"43,0410",,,"17,154"
210,Samoa,"4,092",,9 ,,"1,605",,"2,478",3,"20,383",45,"32,653","162,652","200,754 ",Australia/Oceania,"4922,3066",,,"12,343"
211,Cook Islands,"3,584",, ,,"2,890",,694,,"203,717",,"13,938","792,247","17,593 ",Australia/Oceania,51,,,"39,448"
212,Kiribati,"3,069",,13 ,,"2,595",,461,3,"25,012",106,,,"122,701 ",Australia/Oceania,"409,439",,,"3,757"
213,Anguilla,"2,731",,9 ,,"2,716",,6,4,"179,188",591,"51,382","3,371,301","15,241 ",North America,"61,6930",,,394
214,Saint Pierre Miquelon,"2,509",,1 ,,"2,361",,147,1,"436,804",174,"22,826","3,973,886","5,744 ",North America,"25,7440",,,"25,592"
215,Diamond Princess,712,,13 ,,699,,0,,,,,, ,,,,,
216,Wallis and Futuna,454,,7 ,,438,,9,,"41,690",643,"20,508","1,883,196","10,890 ",Australia/Oceania,"241,5561",,,826
217,Montserrat,176,,2 ,,173,,1,,"35,221",400,"9,403","1,881,729","4,997 ",North America,"282,4991",,,200
218,Falkland Islands,128,, ,,N/A,N/A,N/A,,"34,973",,"8,632","2,358,470","3,660 ",South America,290,,,"1,093"
219,Macao,82,, ,,82,,0,,123,,"5,375","8,082","665,045 ",Asia,"8,110124",,,
220,Vatican City,29,, ,,29,,0,,"36,025",,,,805 ,Europe,28,,,
221,Western Sahara,10,,1 ,,8,,1,,16,2,,,"623,393 ",Africa,"62,339623,393",,,2
222,MS Zaandam,9,,2 ,,7,,0,,,,,, ,,,,,
223,Marshall Islands,7,, ,,7,,0,,117,,,,"59,899 ",Australia/Oceania,"8,557",,,
224,Niue,7,, ,,7,,0,,"4,253",,,,"1,646 ",Australia/Oceania,235,,,
225,Nauru,3,, ,,3,,0,,274,,,,"10,945 ",Australia/Oceania,"3,648",,,
226,Saint Helena,2,, ,,2,,0,,327,,,,"6,109 ",Africa,"3,055",,,
227,Micronesia,1,, ,,1,,0,,9,,,,"117,163 ",Australia/Oceania,"117,163",,,
228,China,"168,362","+1,513","4,638 ",,"141,898","+1,678","21,826",87,117,3,"160,000,000","111,163","1,439,323,776 ",Asia,"8,549310,3339",1,,15
